Коллекция,Тип (клей/замок),Артикулы
Space,замок,4031
Space,замок,4032
Space,замок,4033
Space,замок,4034
Space,замок,4035
Space,замок,4036
Space,замок,4037
Space,замок,4038
Space,замок,4039
Space,замок,4040
Space,замок,4051
Space,замок,4052
Space,замок,4053
Space,замок,4054
Space,замок,4055
Space,замок,4056
Space,замок,4057
Space,замок,4058
Space,замок,4059
Space,замок,4060
Space,замок,4001
Space,замок,4002
Space,замок,4003
Space,замок,4004
Space,замок,4005
Space,замок,4006
Space,замок,4007
Space,замок,4008
Space,замок,4009
Space,замок,4010
Quartz,замок,3501
Quartz,замок,3502
Quartz,замок,3503
Quartz,замок,3504
Quartz,замок,3505
Quartz,замок,3506
Quartz,замок,3507
Quartz,замок,3508
Quartz,замок,3509
Quartz,замок,3510
Quartz,замок,3511
Quartz,замок,3512
Quartz,замок,3513
Quartz,замок,3514
Quartz,замок,3515
Nano,замок,3201
Nano,замок,3202
Nano,замок,3203
Nano,замок,3204
Nano,замок,3205
Nano,замок,3206
Nano,замок,3207
Nano,замок,3208
Nano,замок,3209
Nano,замок,3210
Nano,замок,3211
Nano,замок,3212
Nano,замок,3213
Nano,замок,3214
Nano,замок,3215
Nano,замок,3216
Nano,замок,3217
Nano,замок,3218
Nano,замок,3219
Nano,замок,3220
Parquet Light,замок,4501
Parquet Light,замок,4502
Parquet Light,замок,4503
Parquet Light,замок,4504
Parquet Light,замок,4505
Parquet Light,замок,4506
Parquet Light,замок,4507
Parquet Light,замок,4508
Parquet Light,замок,4509
Parquet Light,замок,4510
Parquet Light,замок,4511
Parquet Light,замок,4512
Parquet Light,замок,4513
Parquet Light,замок,4514
Parquet Light,замок,4515
Parquet Light,замок,4516
Parquet Light,замок,4517
Parquet Light,замок,4518
Parquet Light,замок,4519
Parquet Light,замок,4520
Parquet Glue,клей,2501
Parquet Glue,клей,2502
Parquet Glue,клей,2503
Parquet Glue,клей,2504
Parquet Glue,клей,2505
Parquet Glue,клей,2506
Parquet Glue,клей,2507
Parquet Glue,клей,2508
Parquet Glue,клей,2509
Parquet Glue,клей,2510
Parquet Glue,клей,2511
Parquet Glue,клей,2512
Parquet Glue,клей,2513
Parquet Glue,клей,2514
Parquet Glue,клей,2515
Parquet Glue,клей,2516
Parquet Glue,клей,2517
Parquet Glue,клей,2518
Parquet Glue,клей,2519
Parquet Glue,клей,2520
Space Nuts Xl	,замок,4071
Space Nuts Xl	,замок,4072
Space Nuts Xl	,замок,4073
Space Nuts Xl	,замок,4074
Space Nuts Xl	,замок,4075
Space Nuts Xl	,замок,4076
Space Nuts Xl	,замок,4077
Space Nuts Xl	,замок,4078
Space Nuts Xl	,замок,4079
Space Nuts Xl	,замок,4080
Space Nuts Xl	,замок,4081
Space Nuts Xl	,замок,4082
Space Nuts Xl	,замок,4083
Space Nuts Xl	,замок,4084
Space Nuts Xl	,замок,4085
Space Nuts Xl	,замок,4086
Space Nuts Xl	,замок,4087
Space Nuts Xl	,замок,4088
Space Nuts Xl	,замок,4089
Space Nuts Xl	,клей,4071
Space Nuts Xl	,клей,4072
Space Nuts Xl	,клей,4073
Space Nuts Xl	,клей,4074
Space Nuts Xl	,клей,4075
Space Nuts Xl	,клей,4076
Space Nuts Xl	,клей,4077
Space Nuts Xl	,клей,4078
Space Nuts Xl	,клей,4079
Space Nuts Xl	,клей,4080
Space Nuts Xl	,клей,4081
Space Nuts Xl	,клей,4082
Space Nuts Xl	,клей,4083
Space Nuts Xl	,клей,4084
Space Nuts Xl	,клей,4085
Space Nuts Xl	,клей,4086
Space Nuts Xl	,клей,4087
Space Nuts Xl	,клей,4088
Space Nuts Xl	,клей,4089
Space Select Xl,замок,4081
Space Select Xl,замок,4082
Space Select Xl,замок,4083
Space Select Xl,замок,4084
Space Select Xl,замок,4085
Space Select Xl,замок,4086
Space Select Xl,замок,4087
Space Select Xl,замок,4088
Space Select Xl,замок,4089
Space Select Xl,замок,4090
Versailess Glue,клей,7001
Versailess Glue,клей,7002
Versailess Glue,клей,7003
Versailess Glue,клей,7004
Versailess Glue,клей,7005
Коллекция RealWood	,замок,6031
Коллекция RealWood	,замок,6032
Коллекция RealWood	,замок,6033
Коллекция RealWood	,замок,6034
Коллекция RealWood	,замок,6041
Коллекция RealWood	,замок,6042
Коллекция RealWood	,замок,6043
Коллекция RealWood	,замок,6051
Коллекция RealWood	,замок,6052
Коллекция RealWood	,замок,6053
Коллекция RealWood	,клей,6031
Коллекция RealWood	,клей,6032
Коллекция RealWood	,клей,6033
Коллекция RealWood	,клей,6034
Коллекция RealWood	,клей,6041
Коллекция RealWood	,клей,6042
Коллекция RealWood	,клей,6043
Коллекция RealWood	,клей,6051
Коллекция RealWood	,клей,6052
Коллекция RealWood	,клей,6053
Коллекция RealWood Xl,замок,8001
Коллекция RealWood Xl,замок,8002
Коллекция RealWood Xl,замок,8003
Коллекция RealWood Xl,замок,8004
Коллекция RealWood Xl,замок,8005
Коллекция RealWood Xl,замок,8006
Коллекция RealWood Xl,замок,8007
Коллекция RealWood Xl,замок,8008
Коллекция RealWood Xl,замок,8009
Коллекция RealWood Xl,замок,8010
Коллекция RealWood Xl,клей,8001
Коллекция RealWood Xl,клей,8002
Коллекция RealWood Xl,клей,8003
Коллекция RealWood Xl,клей,8004
Коллекция RealWood Xl,клей,8005
Коллекция RealWood Xl,клей,8006
Коллекция RealWood Xl,клей,8007
Коллекция RealWood Xl,клей,8008
Коллекция RealWood Xl,клей,8009
Коллекция RealWood Xl,клей,8010
коллекция RealWood XXl,замок,8021
коллекция RealWood XXl,замок,8022
коллекция RealWood XXl,замок,8023
коллекция RealWood XXl,замок,8024
коллекция RealWood XXl,замок,8025
коллекция RealWood XXl,замок,8026
Stone XL,замок,5001
Stone XL,замок,5002
Stone XL,замок,5003
Stone XL,замок,5004
Stone XL,замок,5005
Stone XL,замок,5011
Stone XL,замок,5012
Stone XL,замок,5013
Stone XL,замок,5021
Stone XL,замок,5031
Stone XL,клей,5001
Stone XL,клей,5002
Stone XL,клей,5003
Stone XL,клей,5004
Stone XL,клей,5005
Stone,замок,3531
Stone,замок,3532
Stone,замок,3533
Stone,замок,3541
Stone,замок,3542
Stone,замок,3543
Stone,замок,3551
Stone,замок,3552
Stone,замок,3553
Stone,замок,3554
Stone,замок,3555
Aquawall,замок,4231
Aquawall,замок,4232
Aquawall,замок,4233
Aquawall,замок,4241
Aquawall,замок,4242
Aquawall,замок,4243
Aquawall,замок,4251
Aquawall,замок,4252
Aquawall,замок,4253
Aquawall,замок,4254
Aquawall,замок,4255
Soundless,замок,7501
Soundless,замок,7502
Soundless,замок,7503
Soundless,замок,7504
Soundless,замок,7505
Soundless,замок,7506
Space Parquet Light Limited Edition,замок,4541
Space Parquet Light Limited Edition,замок,4542
Space Parquet Light Limited Edition,замок,4543
Space Parquet Light Limited Edition,замок,4544
Space Parquet Light Limited Edition,замок,4545
Space Parquet Light Limited Edition,замок,4546
Space Parquet Light Limited Edition,замок,4547
Space Parquet Light Limited Edition,замок,4548
Space Parquet Light Limited Edition,замок,4549
Space Parquet Light Limited Edition,замок,4550
Space Limited Edition,замок,4041
Space Limited Edition,замок,4042
Space Limited Edition,замок,4043
Space Limited Edition,замок,4044
Space Limited Edition,замок,4045
Space Limited Edition,замок,4046
Space Limited Edition,замок,4047
Space Limited Edition,замок,4048
Space Limited Edition,замок,4049
Space Limited Edition,замок,4050
Chevron Glue,клей,2551
Chevron Glue,клей,2552
Chevron Glue,клей,2553
Chevron Glue,клей,2554
Chevron Glue,клей,2555
Chevron Glue,клей,2556
Chevron Glue,клей,2557
Chevron Glue,клей,2558
Chevron Glue,клей,2559
Chevron Glue,клей,2560
Parquet Plus,замок,6011
Parquet Plus,замок,6012
Parquet Plus,замок,6013
Parquet Plus,замок,6014
Parquet Plus,замок,6015
Parquet Plus,замок,6016
Parquet Plus,замок,6017
Parquet Plus,замок,6018
Parquet Plus,замок,6019
Parquet Plus,замок,6020
Parquet Plus,замок,6021
Parquet Plus,замок,6022
Parquet Plus,замок,6023
Parquet Plus,замок,6024
Parquet Plus,замок,6025
Parquet Plus,замок,6026
Parquet Plus,замок,6027
Parquet Plus,замок,6028
Parquet Plus,замок,6029
Parquet Plus,замок,6030
Chevron Premium,замок,7011
Chevron Premium,замок,7012
Chevron Premium,замок,7013
Chevron Premium,замок,7014
Chevron Premium,замок,7015
Chevron Premium,замок,7016
Chevron Premium,замок,7017
Chevron Premium,замок,7018
Chevron Premium,замок,7019
Chevron Premium,замок,7020
Classic,замок,5503
Classic,замок,5504
Classic,замок,5514
Classic,замок,5516
Classic,замок,5517
Classic,клей,5503
Classic,клей,5504
Classic,клей,5514
Classic,клей,5516
Classic,клей,5517
.input.error {
  border: 2px solid #ff4d4d !important;
  background: rgba(255, 0, 0, 0.05);
}
